"Sanwal, Divas","Dammalapati, Srihari","Kumar, Vijay","Pennekamp, Richard","Xiao, Linda","Yang, Zhenyi",,,
"Kumar, Vijay","Cherikuri, Vindo K","Gressese, Debora","Kannery, Ramesh","Vadapalli, Sushma",,,,
"Lawless, Jonathan","Koscinski, Patty","Rao,Sophie O","Sanwal, Divas","Sapirie, Nicholas", Shields," Melissa X""","Swingle, John",
"Koscinski, Patty","Huang, Douglas","Johnson, Andrew A","Norton, Joe","Perfilyev, Ivan","Ruda, Alex C","Wang, Ruwei","Wu, Hsiu-Wen","Yuan, Jeremy"
"Sapirie, Nicholas","Borkar, Manish","Leonard, Nicholas","Mockey, Matthew","Xing, Xing",,,,
"Borkar, Manish","Langodon, John C","McNees, Jeremy","Wyllie, Sandy","Zheng, June",,,,
"Leonard, Nicholas","Duffee, Helena","Jensen, Nathan L","Mandel, Austin R","Marwah, Malvika",,,,
"Mokey, Matthew","Chudinov, Igor G","Godvarty, Dinesh","Godman, Nate","Hernandez Rodriguez, Erik X",,,,
Swingle John,"Cruz, Carlos","Hadlock, Brett","Han, Eun H"," ""Morse"," Samuel""","Muson, Kathleen","Murray, Richard","Richards, Vicky"
